{
  "project_info": {
    "project_number": "797532230666",
    "firebase_url": "https://firedemo1-f9082.firebaseio.com",
    "project_id": "firedemo1-f9082",
    "storage_bucket": "firedemo1-f9082.appspot.com"
  },
  "client": [
    {
      "client_info": {
        "mobilesdk_app_id": "1:797532230666:android:13136001e78115ceaffbf3",
        "android_client_info": {
          "package_name": "com.example.firedemo1"
        }
      },
      "oauth_client": [
        {
          "client_id": "797532230666-ovcnqpll0eoqdcdkqtl26etf36jigosi.apps.googleusercontent.com",
          "client_type": 3
        }
      ],
      "api_key": [
        {
          "current_key": "AIzaSyANGeZrcxk8TITKQ1jMKKrDO216uCUVBaQ"
        }
      ],
      "services": {
        "appinvite_service": {
          "other_platform_oauth_client": [
            {
              "client_id": "797532230666-ovcnqpll0eoqdcdkqtl26etf36jigosi.apps.googleusercontent.com",
              "client_type": 3
            }
          ]
        }
      }
    }
  ],
  "configuration_version": "1"
}